Month,Product Category,Forecasted Sales
13,Beauty,11104.241473238391
14,Beauty,11140.942871054274
15,Beauty,11139.903331221953
13,Clothing,11865.7054956577
14,Clothing,11728.025475458664
15,Clothing,11635.238897459258
13,Electronics,13350.26860655718
14,Electronics,14377.557678446281
15,Electronics,14223.938449864785
